variant,n_models,wr_weak_mean,wr_weak_std,wr_strong_mean,wr_strong_std,ret_weak_mean,ret_weak_std,ret_strong_mean,ret_strong_std
gaussian,2,0.925000,0.044783,0.810000,0.004714,8.221255,0.798230,5.691474,0.097568
ornstein-uhlenbeck,3,0.946667,0.005774,0.890000,0.026458,8.556967,0.128714,7.056774,0.459832
pink,3,0.925556,0.042990,0.861111,0.028350,8.173694,0.570681,6.403175,0.339173
uniform,3,0.942222,0.028350,0.802222,0.083887,8.379889,0.550388,5.513236,1.510237
