{
    "episode_rewards": [
        -7161.6552548985865,
        -621.4391090954617,
        -7100.060185437005,
        3345.5360127487793,
        4459.842344469888,
        4669.4088443944365,
        4489.888236323062,
        4669.588913079973,
        4559.899156478375,
        3888.8932719132586,
        4069.1126509658407,
        4649.287791884355,
        4379.878413296716,
        4229.184605052412,
        4519.830645007327,
        4629.0371817717205,
        4429.815118479517,
        4750.0,
        4439.904191830644,
        4679.5287451145305
    ],
    "actor_losses": [
        14.777306258678436,
        9.68848729133606,
        11.00684654712677,
        6.221504747867584,
        3.2616077065467834,
        1.1365219503641129,
        -0.6331576146185398,
        -1.5348953315988183,
        -2.4690223932266235,
        -3.2008824348449707,
        -3.3348815888166428,
        -4.066182121634483,
        -4.3548333793878555,
        -4.9268225729465485,
        -5.259546309709549,
        -4.5763693153858185,
        -3.8534745424985886,
        -4.662666171789169,
        -5.638761818408966,
        -5.710043489933014
    ],
    "critic_losses": [
        0.5937645595986396,
        1.8417771086096764,
        0.9250306114554405,
        0.6605150271207094,
        0.5574713302776217,
        0.32640776317566633,
        0.24127495754510164,
        0.15203244728036225,
        0.12682071269955486,
        0.13681013067252934,
        0.10847356868907809,
        0.11042987694963813,
        0.12480636406689882,
        0.11669303697999567,
        0.08580413635354489,
        1.0301255602389574,
        1.811163667589426,
        1.4120146948844194,
        1.0068264808505774,
        0.7206803280860186
    ],
    "winrates_strong": [],
    "winrates_weak": [],
    "winrates_min": [],
    "opponent_history": [],
    "reward_strong": [],
    "reward_weak": []
}